OrderID,Value,Date
20250061,SampleData61,2025-03-01
20250062,SampleData62,2025-03-02
20250063,SampleData63,2025-03-03
20250064,SampleData64,2025-03-04
20250065,SampleData65,2025-03-05
20250066,SampleData66,2025-03-06
20250067,SampleData67,2025-03-07
20250068,SampleData68,2025-03-08
20250069,SampleData69,2025-03-09
20250070,SampleData70,2025-03-10
20250071,SampleData71,2025-03-11
20250072,SampleData72,2025-03-12
20250073,SampleData73,2025-03-13
20250074,SampleData74,2025-03-14
20250075,SampleData75,2025-03-15
20250076,SampleData76,2025-03-16
20250077,SampleData77,2025-03-17
20250078,SampleData78,2025-03-18
20250079,SampleData79,2025-03-19
20250080,SampleData80,2025-03-20
20250081,SampleData81,2025-03-21
20250082,SampleData82,2025-03-22
20250083,SampleData83,2025-03-23
20250084,SampleData84,2025-03-24
20250085,SampleData85,2025-03-25
20250086,SampleData86,2025-03-26
20250087,SampleData87,2025-03-27
20250088,SampleData88,2025-03-28
20250089,SampleData89,2025-03-29
20250090,SampleData90,2025-03-30
